Enzyme,Sequence,,,,
AatII,GACGTC,6,,,
AbaSI,CNNNNNNNNNNNNNNNNNNNNG,22,,,
Acc65I,GGTACC,6,,,
AccI,GTMKAC,6,,,
AciI,CCGC,4,,,
AclI,AACGTT,6,,,
AcuI,CTGAAG,6,,,
AfeI,AGCGCT,6,,,
AflII,CTTAAG,6,,,
AflIII,ACRYGT,6,,,
AgeI-HF®,ACCGGT,6,,,
AhdI,GACNNNNNGTC,11,,,
AleI-v2,CACNNNNGTG,10,,,
AluI,AGCT,4,,,
AlwI,GGATC,5,,,
AlwNI,CAGNNNCTG,9,,,
ApaI,GGGCCC,6,,,
ApaLI,GTGCAC,6,,,
ApeKI,GCWGC,5,,,
ApoI-HF®,RAATTY,6,,,
AscI,GGCGCGCC,8,,,
AseI,ATTAAT,6,,,
AsiSI,GCGATCGC,8,,,
AvaI,CYCGRG,6,,,
AvaII,GGWCC,5,,,
AvrII,CCTAGG,6,,,
BaeGI,GKGCMC,6,,,
BaeI,ACNNNNGTAYC,11,,,
BamHI,GGATCC,6,,,
BamHI-HF®,GGATCC,6,,,
BanI,GGYRCC,6,,,
BanII,GRGCYC,6,,,
BbsI,GAAGAC,6,,,
BbsI-HF®,GAAGAC,6,,,
BbvCI,CCTCAGC,7,,,
BbvI,GCAGC,5,,,
BccI,CCATC,5,,,                                                       
BceAI,ACGGC,5,,,
BcgI,CGANNNNNNTGC,12,,,
BciVI,GTATCC,6,,,
BclI,TGATCA,6,,,
BclI-HF,TGATCA,6,,,
BcoDI,GTCTC,5,,,
BfaI,CTAG,4,,,
BfuAI,ACCTGC,6,,,
BglI,GCCNNNNNGGC,11,,,
BglII,AGATCT,6,,,
BlpI,GCTNAGC,7,,,
BmgBI,CACGTC,6,,,
BmrI,ACTGGG,6,,,
BmtI-HF®,GCTAGC,6,,,
BpmI,CTGGAG,6,,,
Bpu10I,CCTNAGC,7,,,
BpuEI,CTTGAG,6,,,
BsaAI,YACGTR,6,,,
BsaBI,GATNNNNATC,10,,,
BsaHI,GRCGYC,6,,,
BsaI,GGTCTC,6,,,
BsaI-HF®v2,GGTCTC,6,,,
BsaJI,CCNNGG,6,,,
BsaWI,WCCGGW,6,,,
BsaXI,ACNNNNNCTCC,11,,,
BseRI,GAGGAG,6,,,
BseYI,CCCAGC,6,,,
BsgI,GTGCAG,6,,,
BsiEI,CGRYCG,6,,,
BsiHKAI,GWGCWC,6,,,
BsiWI ,CGTACG,6,,,
BsiWI-HF®,CGTACG,6,,,
BslI,CCNNNNNNNGG,11,,,
BsmAI,GTCTC,5,,,
BsmBI-v2,CGTCTC,6,,,
BsmFI,GGGAC,5,,,
BsmI,GAATGC,6,,,
BsoBI,CYCGRG,6,,,
Bsp1286I,GDGCHC,6,,,
BspCNI,CTCAG,5,,,
BspDI,ATCGAT,6,,,
BspEI,TCCGGA,6,,,
BspHI,TCATGA,6,,,
BspMI,ACCTGC,6,,,
BspQI,GCTCTTC,7,,,
BsrBI,CCGCTC,6,,,
BsrDI,GCAATG,6,,,
BsrFI-v2,RCCGGY,6,,,
BsrGI-HF®,TGTACA,6,,,
BsrI,ACTGG,5,,,
BssHII,GCGCGC,6,,,
BssSI-v2,CACGAG,6,,,
BstAPI,GCANNNNNTGC,11,,,
BstBI,TTCGAA,6,,,
BstEII-HF®,GGTNACC,7,,,
BstNI,CCWGG,5,,,
BstUI,CGCG,4,,,
BstXI,CCANNNNNNTGG,12,,,
BstYI,RGATCY,6,,,
BstZ17I-HF®,GTATAC,6,,,
Bsu36I,CCTNAGG,7,,,
BtgI,CCRYGG,6,,,
BtgZI,GCGATG,6,,,
BtsCI,GGATG,5,,,
BtsIMutI,CAGTG,5,,,
BtsI-v2,GCAGTG,6,,,
Cac8I,GCNNGC,6,,,
ClaI,ATCGAT,6,,,
CspCI,CAANNNNNGTGG,12,,,
CviAII,CATG,4,,,
CviKI-1,RGCY,4,,,
CviQI,GTAC,4,,,
DdeI,CTNAG,5,,,
DpnI,GATC,4,,,
DpnII,GATC,4,,,
DraI,TTTAAA,6,,,
DraIII-HF®,CACNNNGTG,9,,,
DrdI,GACNNNNNNGTC,12,,,
EaeI,YGGCCR,6,,,
EagI-HF®,CGGCCG,6,,,
EarI,CTCTTC,6,,,
EciI,GGCGGA,6,,,
Eco53kI,GAGCTC,6,,,
EcoNI,CCTNNNNNAGG,11,,,
EcoO109I,RGGNCCY,7,,,
EcoP15I,CAGCAG,6,,,
EcoRI ,GAATTC,6,,,
EcoRI-HF®,GAATTC,6,,,
EcoRV ,GATATC,6,,,
EcoRV-HF®,GATATC,6,,,
Esp3I,CGTCTC,6,,,
FatI,CATG,4,,,
FauI,CCCGC,5,,,
Fnu4HI,GCNGC,5,,,
FokI,GGATG,5,,,
FseI,GGCCGGCC,8,,,
FspI,TGCGCA,6,,,
HaeII,RGCGCY,6,,,
HaeIII,GGCC,4,,,
HgaI,GACGC,5,,,
HhaI,GCGC,4,,,
HincII,GTYRAC,6,,,
HindIII,AAGCTT,6,,,
HindIII-HF®,AAGCTT,6,,,
HinfI,GANTC,5,,,
HinP1I,GCGC,4,,,
HpaI,GTTAAC,6,,,
HpaII,CCGG,4,,,
HphI,GGTGA,5,,,
Hpy166II,GTNNAC,6,,,
Hpy188I,TCNGA,5,,,
Hpy188III,TCNNGA,6,,,
Hpy99I,CGWCG,5,,,
HpyAV,CCTTC,5,,,
HpyCH4III,ACNGT,5,,,
HpyCH4IV,ACGT,4,,,
HpyCH4V,TGCA,4,,,
I-CeuI,TAACTATAACGGTCCTAAGGTAGCGAA,27,,,
I-SceI,TAGGGATAACAGGGTAAT,18,,,
KasI,GGCGCC,6,,,
KpnI-HF®,GGTACC,6,,,
LpnPI,CCDG,4,,,
MboI,GATC,4,,,
MboII,GAAGA,5,,,
MfeI-HF®,CAATTG,6,,,
MluCI,AATT,4,,,
MluI-HF®,ACGCGT,6,,,
MlyI,GAGTC,5,,,
MmeI,TCCRAC,6,,,
MnlI,CCTC,4,,,
MscI,TGGCCA,6,,,
MseI,TTAA,4,,,
MslI,CAYNNNNRTG,10,,,
MspA1I,CMGCKG,6,,,
MspI,CCGG,4,,,
MspJI,CNNR,4,,,
MwoI,GCNNNNNNNGC,11,,,
NaeI,GCCGGC,6,,,
NarI,GGCGCC,6,,,
Nb.BbvCI,CCTCAGC,7,,,
Nb.BsmI,GAATGC,6,,,
Nb.BsrDI,GCAATG,6,,,
Nb.BssSI,CACGAG,6,,,
Nb.BtsI,GCAGTG,6,,,
NciI,CCSGG,5,,,
NcoI ,CCATGG,6,,,
NcoI-HF®,CCATGG,6,,,
NdeI,CATATG,6,,,
NgoMIV,GCCGGC,6,,,
NheI-HF®,GCTAGC,6,,,
NlaIII,CATG,4,,,
NlaIV,GGNNCC,6,,,
NmeAIII,GCCGAG,6,,,
NotI ,GCGGCCGC,8,,,
NotI-HF®,GCGGCCGC,8,,,
NruI-HF®,TCGCGA,6,,,
NsiI,ATGCAT,6,,,
NsiI-HF®,ATGCAT,6,,,
NspI,RCATGY,6,,,
Nt.AlwI,GGATC,5,,,
Nt.BbvCI,CCTCAGC,7,,,
Nt.BsmAI,GTCTC,5,,,
Nt.BspQI,GCTCTTC,7,,,
Nt.BstNBI,GAGTC,5,,,
Nt.CviPII,CCD,3,,,
PacI,TTAATTAA,8,,,
PaeR7I,CTCGAG,6,,,
PaqCI®,CACCTGC,7,,,
PciI,ACATGT,6,,,
PflFI,GACNNNGTC,9,,,
PflMI,CCANNNNNTGG,11,,,
PI-PspI,TGGCAAACAGCTATTATGGGTATTATGGGT,30,,,
PI-SceI,ATCTATGTCGGGTGCGGAGAAAGAGGTAAT,30,,,
PleI,GAGTC,5,,,
PluTI,GGCGCC,6,,,
PmeI,GTTTAAAC,8,,,
PmlI,CACGTG,6,,,
PpuMI,RGGWCCY,7,,,
PshAI,GACNNNNGTC,10,,,
PsiI-v2,TTATAA,6,,,
PspGI,CCWGG,5,,,
PspOMI,GGGCCC,6,,,
PspXI,VCTCGAGB,8,,,
PstI,CTGCAG,6,,,
PstI-HF®,CTGCAG,6,,,
PvuI-HF®,CGATCG,6,,,
PvuII,CAGCTG,6,,,
PvuII-HF®,CAGCTG,6,,,
RsaI,GTAC,4,,,
RsrII,CGGWCCG,7,,,
SacI-HF®,GAGCTC,6,,,
SacII,CCGCGG,6,,,
SalI,GTCGAC,6,,,
SalI-HF®,GTCGAC,6,,,
SapI,GCTCTTC,7,,,
Sau3AI,GATC,4,,,
Sau96I,GGNCC,5,,,
SbfI-HF®,CCTGCAGG,8,,,
ScaI-HF®,AGTACT,6,,,
ScrFI,CCNGG,5,,,
SexAI,ACCWGGT,7,,,
SfaNI,GCATC,5,,,
SfcI,CTRYAG,6,,,
SfiI,GGCCNNNNNGGCC,13,,,
SfoI,GGCGCC,6,,,
SgrAI,CRCCGGYG,8,,,
SmaI,CCCGGG,6,,,
SmlI,CTYRAG,6,,,
SnaBI,TACGTA,6,,,
SpeI-HF®,ACTAGT,6,,,
SphI,GCATGC,6,,,
SphI-HF®,GCATGC,6,,,
SrfI,GCCCGGGC,8,,,
SspI-HF®,AATATT,6,,,
StuI,AGGCCT,6,,,
StyD4I,CCNGG,5,,,
StyI-HF®,CCWWGG,6,,,
SwaI,ATTTAAAT,8,,,
TaqI-v2,TCGA,4,,,
TfiI,GAWTC,5,,,
TseI,GCWGC,5,,,
Tsp45I,GTSAC,5,,,
TspMI,CCCGGG,6,,,
TspRI,CASTG,5,,,
Tth111I,GACNNNGTC,9,,,
WarmStart® Nt.BstNBI,GAGTC,5,,,
XbaI,TCTAGA,6,,,
XcmI,CCANNNNNNNNNTGG,15,,,
XhoI,CTCGAG,6,,,
XmaI,CCCGGG,6,,,
XmnI,GAANNNNTTC,10,,,
ZraI,GACGTC,6,,,
,,,,,
,,,,,
,,,,,
,,,,,
,,,,,
,,,,,
,,,,,
,,,,,
,,,,,
,,,,,
,,,,,
,,,,,
,,,,,
,,,,,
,,,,,
,,,,,
,,,,,
,,,,,
,,,,,
,,,,,
,,,,,
,,,,,
,,,,,
,,,,,
,,,,,
,,,,,
,,,,,
,,,,,
,,,,,
,,,,,
,,,,,
,,,,,
,,,,,
,,,,,
,,,,,
,,,,,
,,,,,
,,,,,
,,,,,
,,,,,
,,,,,
,,,,,
,,,,,
,,,,,
,,,,,
,,,,,
,,,,,
,,,,,
,,,,,
,,,,,
,,,,,
,,,,,
,,,,,
,,,,,
,,,,,
,,,,,
,,,,,
,,,,,
,,,,,
,,,,,
,,,,,
,,,,,
,,,,,
,,,,,
,,,,,
,,,,,
,,,,,
,,,,,
,,,,,
,,,,,
,,,,,
,,,,,
,,,,,
,,,,,
,,,,,
,,,,,
,,,,,
,,,,,
,,,,,
,,,,,
,,,,,
,,,,,
,,,,,
,,,,,
,,,,,
,,,,,
,,,,,
,,,,,
,,,,,
,,,,,
,,,,,
,,,,,
,,,,,
,,,,,
,,,,,
,,,,,
,,,,,
,,,,,
,,,,,
,,,,,
,,,,,
,,,,,
,,,,,
,,,,,
,,,,,
,,,,,
,,,,,
,,,,,
,,,,,
,,,,,
,,,,,
,,,,,
,,,,,
,,,,,
,,,,,
,,,,,
,,,,,
,,,,,
,,,,,
,,,,,
,,,,,
,,,,,
,,,,,
,,,,,
,,,,,
,,,,,
,,,,,
,,,,,
,,,,,
,,,,,
,,,,,
,,,,,
,,,,,
,,,,,
,,,,,
,,,,,
,,,,,
,,,,,
,,,,,
,,,,,
,,,,,
,,,,,
,,,,,
,,,,,
,,,,,
,,,,,
,,,,,
,,,,,
,,,,,
,,,,,
,,,,,
,,,,,
,,,,,
,,,,,
,,,,,
,,,,,
,,,,,
,,,,,
,,,,,
,,,,,
,,,,,
,,,,,
,,,,,
,,,,,
,,,,,
,,,,,
,,,,,
,,,,,
,,,,,
,,,,,
,,,,,
,,,,,
,,,,,
,,,,,
,,,,,
,,,,,
,,,,,
,,,,,
,,,,,
,,,,,
,,,,,
,,,,,
,,,,,
,,,,,
,,,,,
,,,,,
,,,,,
,,,,,
,,,,,
,,,,,
,,,,,
,,,,,
,,,,,
,,,,,
,,,,,
,,,,,
,,,,,
,,,,,
,,,,,
,,,,,
,,,,,
,,,,,
,,,,,
,,,,,
,,,,,
,,,,,
,,,,,
,,,,,
,,,,,
,,,,,
,,,,,
,,,,,
,,,,,
,,,,,
,,,,,
,,,,,
,,,,,
,, ,,,
